Titulo,Link_PDF,Resumen_AEPD,Texto_Completo,Tematica_IA,Resumen_IA,Hechos_IA,Resolucion_IA,Normativa_IA,PalabrasClave_IA
2024-0017,https://www.aepd.es/documento/2024-0017.pdf,Informe jurídico 2024-0017,"Gabinete Jurídico N/REF: 0017/2024   I La petición que da lugar a esta consulta trae causa del Acuerdo del Consejo de Ministros (en adelante ACM) con fecha de firma de 28 de diciembre de 2021 “Por el que se aprueba el nuevo ciclo de revisión del gasto público 2022-2026 y se formaliza la fase I del proceso de revisión del gasto público 2022-2026”, cuyo punto 2 aprueba: “Encargar a la AIReF la realización del estudio de revisión del gasto en instrumentos financieros de apoyo a los sectores productivos (complementario al Spending Review 2018-2021) y del gasto derivado de la asistencia sanitaria del mutualismo administrativo, al amparo de lo establecido en el artículo 5.3 de la Ley Orgánica 6/2013, de 14 de noviembre, de creación de la AIReF”. Añadiendo el segundo apartado del punto 4 que: “A estos efectos, las administraciones públicas y los entes del sector público institucional, empresarial o fundacional estatal, autonómico y local facilitarán, a solicitud de la AIReF, toda la información y documentación disponible que precise para el cumplimiento del encargo, de acuerdo con el régimen de cesión de la información establecido en la normativa vigente. A los efectos previstos en la normativa sobre protección de datos de carácter personal y del artículo 4.4 de la Ley Orgánica 6/2013, de 14 de noviembre, de creación de la AIReF, la cesión de datos de carácter personal se considerará realizada en cumplimiento de una obligación legal exigible a la AIReF y de una misión realizada en interés públicos, para su tratamiento posterior con fines estadísticos y científicos, sin necesidad de consentimiento previo, y la AIReF mantendrá la debida confidencialidad”. c. Jorge Juan 6                                                                                                                                                               www.aepd.es 28001 Madrid 1                                                            Gabinete  Jurídico Con base en este ACM la AIReF ha dirigido su solicitud de cesión de datos al Ministerio de Sanidad incluyendo un Anexo I en el que especifica que las bases de datos serán cruzadas en un entorno de tratamiento seguro por la Agencia Estatal de Administración Tributaria (AEAT), con bases de datos de otros Departamentos, de la propia AEAT y entidades dependientes de la AGE, como las mutualidades de funcionarios. La AIREF ha manifestado interés en que se le cedan datos de salud individualizados, para su cruce con otras bases de datos, de las bases de datos personales de salud del Ministerio de Sanidad, señalando en concreto las siguientes: a) Registro de Actividad Sanitaria Especializada (RAE-CMBD), con información administrativa y clínica de los pacientes atendidos en distintas modalidades asistenciales de Atención Especializada, que incluye desde 2016, la cobertura a modalidades asistenciales ambulatorias y al sector privado; b) BDCAP, base de datos clínicos de atención primaria, que recoge información clínica codificada y normalizad...",Cesión de datos de salud para fines estadísticos y científicos,"La AIReF solicita al Ministerio de Sanidad la cesión de datos de salud individualizados para su cruce con otras bases de datos, con el fin de realizar un estudio de revisión del gasto en instrumentos financieros de apoyo a los sectores productivos y del gasto derivado de la asistencia sanitaria del mutualismo administrativo.",Solicitud de la AIReF al Ministerio de Sanidad | Cesión de datos de salud individualizados | Cruce de bases de datos con la AEAT,No especificado,"Ley Orgánica 6/2013, Ley Orgánica 15/1999, Reglamento (UE) 2016/679","cesión de datos, protección de datos de carácter personal, fines estadísticos y científicos, AIReF, Ministerio de Sanidad"
2024-0015,https://www.aepd.es/documento/2024-0015.pdf,Informe jurídico 2024-0015,"Gabinete Jurídico 015/2024 La redacción del Proyecto presenta, desde la perspectiva de la normativa reguladora del derecho fundamental a la protección de datos personales, tres cuestiones fundamentales. La primera, la relativa a la base jurídica que ampararía los tratamientos de datos personales que llevaría a cabo la denominada “Solución Pública de Facturación Electrónica”, gestionada por la Agencia Estatal de Administración Tributaria (AEAT) -arts. 5 y 9- cuando los empresarios o profesionales que así lo elijan decidan utilizar dicha Solución Pública para emitir o recibir facturas. La segunda, la relativa a la base jurídica que ampararía el tratamiento de datos por la mencionada Solución Pública de Facturación Electrónica consistente en la comunicación obligatoria a esta por todos los empresarios o profesionales que no utilicen dicha Solución Pública para emitir o recibir facturas -es decir, que utilizan para ello una solución privada-, de una copia fiel de cada factura (art. 5.4) en formato Facturae de modo que la Solución Pública, en su función de repositorio de facturas, almacene la información de todas las facturas electrónicas, la de sus copias y la de su pago efectivo completo (Disposición Adicional cuarta, DA 4ª).    En tercer lugar, cuál sería la circunstancia, de entre las relacionadas en el art. 9.2 RGPD, que levantaría la prohibición de tratamiento que contempla el art. 9.1 RGPD, por la citada Solución Pública de Facturación Electrónica de los datos personales de carácter sensible que se pueden incluir en las facturas. c. Jorge Juan 6                                                                                                                                                               www.aepd.es 28001 Madrid 1                                               Gabinete Jurídico I En relación con la primera de las cuestiones mencionadas, cabe exponer la jurisprudencia tanto del Tribunal Constitucional como del Tribunal de Justicia de la Unión Europea (TJUE) en cuanto al principio de legalidad en los tratamientos de datos personales. La sentencia del Tribunal Constitucional (STC) 76/2019, de 22 de mayo, contiene doctrina relevante sobre el derecho fundamental a la protección de datos personales, y aborda tanto las características como el contenido que ha de tener la normativa que pretenda establecer una injerencia en ese derecho fundamental. (…)  Por mandato expreso de la Constitución, toda injerencia estatal en el ámbito de los derechos fundamentales y las libertades públicas ora incida directamente sobre su desarrollo (artículo 81.1 CE), ora limite o condicione su ejercicio (artículo 53.1 CE), precisa una habilitación legal (por todas, STC 49/1999, de 5 de abril, FJ 4). (…) Esta doble función de la reserva de ley se traduce en una doble exigencia: por un lado, la necesaria intervención de la ley para habilitar la injerencia; y, por otro lado, esa norma legal «ha de reunir todas aquellas características indispensables como garantía d...",Protección de datos personales en la facturación electrónica,El Gabinete Jurídico analiza la base jurídica para el tratamiento de datos personales en la Solución Pública de Facturación Electrónica y la comunicación obligatoria de facturas a la AEAT,Solución Pública de Facturación Electrónica | Comunicación obligatoria de facturas a la AEAT | Tratamiento de datos personales sensibles en facturas,La base jurídica para el tratamiento de datos personales debe cumplir con el principio de legalidad y reunir las características indispensables como garantía del derecho fundamental a la protección de datos personales,"RGPD, Ley Orgánica 3/2018, Constitución Española","protección de datos personales, facturación electrónica, Solución Pública de Facturación Electrónica, AEAT, RGPD"
2023-0077,https://www.aepd.es/documento/2023-0077.pdf,Informe jurídico 2023-0077,"Gabinete Jurídico 0077/2023 La consulta plantea si es conforme al Reglamento (UE) 2016/679 del Parlamento Europeo y del Consejo de 27 de abril de 2016, relativo a la protección de las personas físicas en lo que respecta al tratamiento de datos personales y a la libre circulación de estos datos (RGPD en lo sucesivo), a la Ley Orgánica 3/2018, de 5 de diciembre, de Protección de Datos Personales y garantía de los derechos digitales (LOPDGDD en lo sucesivo) y a la Ley 2/2023 de 20 de febrero, reguladora de la protección de las personas que informen sobre infracciones normativas y de lucha contra la corrupción, (Ley 2/2023 en lo sucesivo), la utilización por parte de la consultante de aquellas informaciones recibidas al amparo de dicha ley y que no entren dentro de su ámbito de aplicación para cumplir otras finalidades como la eficiencia, transparencia y buen gobierno. En concreto, se plantea la viabilidad de llevar a cabo el tratamiento de aquella información (que contenga datos personales) que se comunique a través del Sistema Interno de Información y que no tenga relación con las conductas a que se refiere el artículo 2 de la Ley 2/2023 con el fin de atender eficientemente todas las comunicaciones recibidas a través de este Sistema. I La consulta planteada conlleva el tratamiento de datos de carácter personal por lo que será de aplicación el RGPD y la LOPDGDD. Para que un tratamiento resulte conforme al marco jurídico actual en materia de protección de datos debe cumplir, entre otras cuestiones, los principios de protección de datos previstos en el artículo 5 del RGPD a cuyo tenor: 1. Los datos personales serán: a) tratados de manera lícita, leal y transparente en relación con el interesado («licitud, lealtad y transparencia»); b) recogidos con fines determinados, explícitos y legítimos, y no serán tratados ulteriormente de manera incompatible con dichos fines; de acuerdo con el artículo 89, apartado 1, el tratamiento ulterior de los datos personales con fines de archivo en interés público, fines de investigación científica e histórica o fines c. Jorge Juan 6 28001 Madrid 1www.aepd.es                                                            Gabinete Jurídico estadísticos no se considerará incompatible con los fines iniciales («limitación de la finalidad»); c) adecuados, pertinentes y limitados a lo necesario en relación con los fines para los que son tratados («minimización de datos»); d) exactos y, si fuera necesario, actualizados; se adoptarán todas las medidas razonables para que se supriman o rectifiquen sin dilación los datos personales que sean inexactos con respecto a los fines para los que se tratan («exactitud»); e) mantenidos de forma que se permita la identificación de los interesados durante no más tiempo del necesario para los fines del tratamiento de los datos personales; los datos personales podrán conservarse durante períodos más largos siempre que se traten exclusivamente con fines de archivo en interés público, fines de investi...",Tratamiento de datos personales,"Una entidad consulta sobre la conformidad con el RGPD y la LOPDGDD al utilizar informaciones recibidas bajo la Ley 2/2023 para fines de eficiencia, transparencia y buen gobierno, fuera de su ámbito de aplicación",Consulta sobre tratamiento de datos personales | Utilización de informaciones bajo la Ley 2/2023 para otros fines | Aplicación del RGPD y la LOPDGDD,"El tratamiento debe cumplir con los principios de protección de datos del RGPD, como licitud, lealtad, transparencia, limitación de la finalidad, minimización de datos y exactitud","Reglamento (UE) 2016/679, Ley Orgánica 3/2018, Ley 2/2023","protección de datos, RGPD, LOPDGDD, Ley 2/2023, tratamiento de datos personales"
2023-0066,https://www.aepd.es/documento/2023-0066.pdf,Informe jurídico 2023-0066,"Gabinete Jurídico    066/2023    La consulta plantea qué norma ha de aplicarse en el procedimiento de acceso a datos de carácter personal contenidos en documentos conservados en los archivos del Ministerio del Interior, a raíz de la entrada en vigor de la Ley 20/2022, de 19 de octubre, de Memoria Democrática (LMD), en el sentido de si es dicha norma la que prevalece o la Ley 16/1985, de 25 de junio, del Patrimonio Histórico Español (LPHE) a la que remite aquella en alguno de sus preceptos.  Y de acuerdo con la aplicación normativa que se determine, cómo se ha de proceder en caso de solicitudes de acceso cuando se pretendan incorporar a un procedimiento de declaración de reparación y reconocimiento personal previsto en la LMD, en el sentido de si deben ser despersonalizados (anonimizados) o no. A tal efecto, la consulta describe el proceder que hasta ahora se ha llevado a cabo en el Ministerio, y que en síntesis se concreta en lo siguiente: Partiendo de que tanto la LPHE, como su normativa de desarrollo, el Real Decreto 1708/2011, de 18 de noviembre, (RDSEA) establecen que, cuando una solicitud de acceso a documentos contenga datos personales de terceros  y se den determinadas circunstancias, se requerirá la autorización de los titulares de los datos personales, (artículos 57.1 c) y 28.2 respectivamente), y que la práctica habitual indica que, (i) en la mayoría de ocasiones éstos no conceden autorización ni a investigadores ni a familiares de las víctimas, (ii) que teniendo en cuenta que el simple hecho de posibilitar que los titulares de los datos se pronuncien al efecto (a veces es muy difícil comunicarse con ellos) es complicado y cuando se pronuncian, (iii) implica un arduo trabajo de anonimización, parcial o total, según la inabarcable casuística, se ha optado por  la aplicación de lo dispuesto en el artículo 28.4 del RDSEA que posibilita el acceso a la documentación, sin necesidad de consentimiento, cuando se proceda previamente a la oportuna disociación, de los datos de modo que se impida la identificación de las personas afectadas. c. Jorge Juan 6 28001 Madrid 1 www.aepd.es                                                        Gabinete Jurídico Es decir, la práctica del Ministerio del Interior para promover el acceso y al mismo tiempo proteger la intimidad y los datos de carácter personal, consiste en la lectura de todos y cada uno de los documentos solicitados y directamente despersonalizar o anonimizar los datos de carácter personal que no se deban comunicar. (sic) Y continua la consultante indicando que Esta práctica está siendo cuestionada por los interesados para cuando se trata de documentos históricos integrantes de series documentales vinculadas al golpe de Estado, la Guerra, la dictadura franquista, la resistencia guerrillera antifranquista, el exilio, el internamiento de españoles en campos de concentración durante la Segunda Guerra Mundial y sobre la transición hasta la entrada en vigor de la Constitución de 1978, precisamente ...",Acceso a datos personales en documentos históricos,"El Ministerio del Interior consulta sobre la normativa aplicable para el acceso a datos personales en documentos históricos, especialmente con la entrada en vigor de la Ley 20/2022 de Memoria Democrática, y cómo proceder con solicitudes de acceso para procedimientos de declaración de reparación y reconocimiento personal",Consulta del Ministerio del Interior sobre acceso a datos personales en documentos históricos | Entrada en vigor de la Ley 20/2022 de Memoria Democrática | Duda sobre la aplicación de la Ley 16/1985 del Patrimonio Histórico Español o la Ley 20/2022,No especificado,"Ley 20/2022, de 19 de octubre, de Memoria Democrática, Ley 16/1985, de 25 de junio, del Patrimonio Histórico Español, Real Decreto 1708/2011, de 18 de noviembre","acceso a datos personales, documentos históricos, Ley de Memoria Democrática, Patrimonio Histórico Español, anonimización de datos"
2023-0059,https://www.aepd.es/documento/2023-0059.pdf,Informe jurídico 2023-0059,"Gabinete Jurídico 0059/2023    Tal y como recoge la Memoria de Análisis de Impacto Normativo (MAIN) presentada junto con el Proyecto de Real Decreto, la Ley 28/2022, de 21 de diciembre, de fomento del ecosistema de las empresas emergentes prevé en su articulado la creación de entornos controlados de pruebas por periodos limitados de tiempo con el objetivo de evaluar la utilidad, la viabilidad y el impacto de las innovaciones tecnológicas. En concreto, su art. 16.1 establece que [l]os poderes públicos promoverán, reglamentariamente, la creación de entornos controlados, por períodos limitados de tiempo, para evaluar la utilidad, la viabilidad y el impacto de innovaciones tecnológicas aplicadas a actividades reguladas, a la oferta o provisión de nuevos bienes o servicios, a nuevas formas de provisión o prestación de los mismos o a fórmulas alternativas para su supervisión y control por parte de las autoridades competentes, especificando el apartado 4 de dicho precepto los principios a los que habrán de ajustarse la creación y desarrollo de los entornos controlados de pruebas. Igualmente, el Anexo I de la Proyecto de Real Decreto expone que la Comisión Europea ha adoptado una propuesta de Reglamento por el que se establecen normas armonizadas en materia de inteligencia artificial (Reglamento de Inteligencia Artificial) el 21 de abril de 2021. Dicha propuesta de la Comisión tiene por objeto garantizar que los sistemas de inteligencia artificial comercializados en el mercado de la Unión y utilizados en ella sean seguros y respeten la legislación vigente relativa a los derechos fundamentales y los valores de la Unión, garantizar la seguridad jurídica para facilitar la inversión y la innovación en inteligencia artificial y mejorar la gobernanza y la aplicación efectiva de la legislación vigente en materia de derechos fundamentales y seguridad, así como facilitar el desarrollo de un mercado único de aplicaciones de inteligencia artificial que sean legales, seguras y fiables y evitar la fragmentación del mercado, estableciéndose en el Anexo II un listado de áreas de sistemas de inteligencia artificial que se consideran de alto riesgo específico. I El Proyecto del Real Decreto por el “que establece un entorno controlado de pruebas para el ensayo del cumplimiento de la propuesta de Reglamento del Parlamento Europeo y del Consejo por el que se establecen normas armonizadas en materia de inteligencia artificial” tiene como objeto, como se establece en su Artículo 1 “Objeto” apartado 1, comprobar los requisitos de diseño, validación y seguimiento que se deben establecer en el c. Jorge Juan 6                                                                                                                                                               www.aepd.es 28001 Madrid 1                                                            Gabinete Jurídico desarrollo de sistemas de inteligencia artificial que puedan suponer riesgos para la seguridad, la salud y los der...",Entornos controlados de pruebas para innovaciones tecnológicas,"El Proyecto de Real Decreto busca crear entornos controlados de pruebas para evaluar la utilidad y el impacto de innovaciones tecnológicas, especialmente en el ámbito de la inteligencia artificial, con el fin de garantizar su seguridad y respeto a la legislación vigente",Ley 28/2022 de fomento del ecosistema de las empresas emergentes | Propuesta de Reglamento de Inteligencia Artificial de la Comisión Europea | Proyecto de Real Decreto para entornos controlados de pruebas,No especificado,"Ley 28/2022, Propuesta de Reglamento de Inteligencia Artificial, Reglamento del Parlamento Europeo y del Consejo","entornos controlados de pruebas, innovaciones tecnológicas, inteligencia artificial, seguridad, legislación vigente"
2023-0055,https://www.aepd.es/documento/2023-0055.pdf,Informe jurídico 2023-0055,"Gabinete Jurídico 0055/2023   La consulta plantea si es conforme a la normativa de protección de datos personales, Reglamento (UE) 2016/679 del Parlamento Europeo y del Consejo, de 27 de abril de 2016, relativo a la protección de las personas físicas en lo que respecta al tratamiento de datos personales y a la libre circulación de estos datos (RGPD), y a la Ley Orgánica 3/2018, de 5 de diciembre, de Protección de Datos Personales y garantía de los derechos digitales (LOPDGDD), que el Servicio de Prevención de Riesgos Laborales de los empleados públicos de la Administración Pública de la Región de Murcia pueda acceder a las historias clínicas de éstos con el fin de desarrollar diferentes actividades. En concreto identifica expresamente como tales las siguientes: -Estudiar las enfermedades susceptibles de estar relacionadas con el trabajo, a los solos efectos de poder identificar cualquier relación entre las causas de enfermedad y los riesgos para la salud que puedan presentarse en los lugares de trabajo.  -Comunicar las enfermedades que podrían ser calificadas como profesionales, tal y como establece el artículo 5 del Real Decreto 1299/2006, de 10 de noviembre, por el que se aprueba el cuadro de enfermedades profesionales en el sistema de la Seguridad Social.  -Proporcionar la asistencia de primeros auxilios y la atención de urgencia a los trabajadores que lo necesiten.  -Impulsar programas de promoción de la salud en el lugar de trabajo, en coordinación con el Sistema Nacional de Salud.  -Colaborar con el Sistema Nacional de Salud, tal y como establece el artículo 38 del Reglamento de los Servicios de Prevención, con los servicios de atención primaria de salud y de asistencia sanitaria especializada para el diagnóstico, tratamiento y rehabilitación de enfermedades relacionadas con el trabajo, así como en las campañas sanitarias y epidemiológicas organizadas por las Administraciones públicas competentes en materia sanitaria.  c. Jorge Juan 6                                                                                                                                                               www.aepd.es 28001 Madrid 1                                                        Gabinete Jurídico -Colaborar con las autoridades sanitarias en las labores de vigilancia epidemiológica, provisión y mantenimiento del Sistema de Información Sanitaria en Salud Laboral, según se establece en el artículo 39 del Reglamento de los Servicios de Prevención. I Antes de abordar la adecuación a la normativa de protección de datos que supone el tratamiento que va a analizarse, es preciso realizar una diferenciación de dos conceptos esenciales para resolver la consulta planteada y es la diferencia entre la “historia clínica laboral” y la historia clínica ordinaria o convencional.  Mientras la primera está vinculada a las competencias y funciones de los Servicios de Prevención de Riesgos Laborales, por estar referida a la Salud Laboral, sin que exista una definición of...",Acceso a historias clínicas por Servicio de Prevención de Riesgos Laborales,"El Servicio de Prevención de Riesgos Laborales de la Administración Pública de la Región de Murcia consulta sobre el acceso a historias clínicas de empleados públicos para desarrollar actividades relacionadas con la salud laboral, como identificar enfermedades relacionadas con el trabajo y colaborar con el Sistema Nacional de Salud.",Consulta del Servicio de Prevención de Riesgos Laborales | Acceso a historias clínicas de empleados públicos | Finalidad de identificar enfermedades relacionadas con el trabajo y colaborar con el Sistema Nacional de Salud,No especificado,"Reglamento (UE) 2016/679, Ley Orgánica 3/2018, Real Decreto 1299/2006","historia clínica laboral, salud laboral, protección de datos personales, RGPD, LOPDGDD"
2023-0054,https://www.aepd.es/es/documento/2023-0054.pdf,Informe jurídico 2023-0054,"Gabinete Jurídico N/REF: 0054/2023   La consulta plantea la conformidad de esta Agencia con la interpretación que la misma realiza del artículo 5.1 de la Ley 2/2023, de 20 de febrero, reguladora de la protección de las personas que informen sobre infracciones normativas y de lucha contra la corrupción, que atribuye la condición de responsable del tratamiento de los datos personales al órgano de administración u órgano de gobierno de cada entidad u organismo obligado por esta ley.  En dicha consulta, tras analizar el nuevo régimen jurídico del sistema interno de información regulado por la Ley 2/2023, de 20 de febrero, la responsabilidad patrimonial de los administradores regulada en el Real Decreto Legislativo 1/2010, de 2 de julio, por el que se aprueba el texto refundido de la Ley de Sociedades de Capital y el concepto de responsable del tratamiento conforme al artículo 4.7. del RGPD, se recogen las siguientes conclusiones: Considerando el artículo 5 de la Ley de Protección al Informante con el conjunto del Ordenamiento Jurídico, entendemos que la intención del legislador no es exonerar de responsabilidad a la propia Sociedad, sino garantizar la participación activa del Consejo de Administración en la gestión del canal de denuncias y, especialmente, en su implantación, haciéndole responsable del mismo, a fin de garantizar la protección máxima de las personas físicas que informen de las acciones u omisiones que puedan constituir infracciones conforme a lo establecido en el artículo 2 de la Ley 2/2023. De este modo, a nivel de protección de datos, esta consultante considera lo siguiente, salvo mejor opinión de esta Agencia: 1. El Consejo de Administración es responsable -no del tratamiento de los datos personales incorporados en el canal de denuncias- en lo que se refiere al desarrollo de las funciones que tiene atribuidas para asegurar la implantación de un canal de denuncias que cumpla con los requisitos establecidos por la Ley. 2. La Empresa obligada a disponer del sistema interno de información en los términos previstos en la Ley es la responsable del tratamiento de los tratamientos de datos derivados de la gestión diaria y habitual del canal de denuncias, atendiendo a la definición de responsable del tratamiento del artículo 4.7 del RGPD. c. Jorge Juan 6                                                                                                                                                               www.aepd.es 28001 Madrid 1                                                            Gabinete Jurídico I La cuestión controvertida deriva de la redacción del artículo 5.1. de la Ley 2/2023, de 20 de febrero, reguladora de la protección de las personas que informen sobre infracciones normativas y de lucha contra la corrupción, el cual establece lo siguiente: Artículo 5. Sistema interno de información. 1. El órgano de administración u órgano de gobierno de cada entidad u organismo obligado por esta ley será el responsable de la implantac...",Protección de las personas que informen sobre infracciones normativas y de lucha contra la corrupción,"La consulta analiza la conformidad de la interpretación del artículo 5.1 de la Ley 2/2023, que atribuye la condición de responsable del tratamiento de los datos personales al órgano de administración u órgano de gobierno de cada entidad u organismo obligado por esta ley, y concluye que el Consejo de Administración es responsable de la implantación del canal de denuncias, pero no del tratamiento de los datos personales, que corresponde a la Empresa obligada a disponer del sistema interno de información",Consulta sobre la interpretación del artículo 5.1 de la Ley 2/2023 | Análisis del régimen jurídico del sistema interno de información | Determinación de la responsabilidad del tratamiento de los datos personales,"El Consejo de Administración es responsable de la implantación del canal de denuncias, pero no del tratamiento de los datos personales, que corresponde a la Empresa obligada a disponer del sistema interno de información","Ley 2/2023, de 20 de febrero, Real Decreto Legislativo 1/2010, de 2 de julio, Reglamento General de Protección de Datos (RGPD)","protección de las personas que informen, infracciones normativas, lucha contra la corrupción, sistema interno de información, responsable del tratamiento de los datos personales"
2023-0052,https://www.aepd.es/documento/2023-0052.pdf,Informe jurídico 2023-0052,"Gabinete Jurídico N/REF: 0052/2023 Examinada su solicitud de informe, remitida a este Gabinete Jurídico, referente al Proyecto de Circular sobre sobre la aplicación del artículo 66.1.b) de la Ley 11/2022, de 28 de junio, General de Telecomunicaciones, cúmpleme informarle lo siguiente: I El proyecto de circular objeto de informe tiene por finalidad fijar los criterios a los que responderá la actuación de la Agencia Española de Protección de Datos en la aplicación de la normativa sobre protección de datos de carácter personales respecto del derecho de los usuarios finales de los servicios de comunicaciones interpersonales disponibles al público basados en la numeración a no recibir llamadas no deseadas con fines de comunicación comercial, salvo que exista consentimiento previo del propio usuario para recibir este tipo de comunicaciones comerciales o salvo que la comunicación pueda ampararse en otra base de legitimación de las previstas en el artículo 6.1 del Reglamento (UE) 2016/679, de conformidad con lo previsto en el artículo 66.1.b) de la Ley 11/2022, de 28 de junio, General de Telecomunicaciones. La presente circular se dicta al amparo de lo previsto en el artículo 55 de la Ley Orgánica 3/2018, de 5 de diciembre, de Protección de Datos Personales y garantía de los derechos digitales: Artículo 55. Potestades de regulación. Circulares de la Agencia Española de Protección de Datos. 1. La Presidencia de la Agencia Española de Protección de Datos podrá dictar disposiciones que fijen los criterios a que responderá la actuación de esta autoridad en la aplicación de lo dispuesto en el Reglamento (UE) 2016/679 y en la presente ley orgánica, que se denominarán «Circulares de la Agencia Española de Protección de Datos». 2. Su elaboración se sujetará al procedimiento establecido en el Estatuto de la Agencia Española de Protección de Datos, que deberá prever los informes técnicos y jurídicos que fueran necesarios y la audiencia a los interesados. 3. Las circulares serán obligatorias una vez publicadas en el Boletín Oficial del Estado. La tramitación de la misma se ha realizado de conformidad con lo previsto en el artículo 6 del Real Decreto 389/2021, de 1 de junio, por el que se aprueba el Estatuto de la Agencia Española de Protección de Datos.  c. Jorge Juan 6                                                                                                                                                               www.aepd.es 28001 Madrid 1                                                            Gabinete Jurídico En este sentido, el texto inicial del proyecto fue elaborado, a instancias de la Directora de la AEPD, por el Gabinete Jurídico sobre la base de nuestro Informe 40/2023, de XX de abril de 2023, constando asimismo el informe técnico de la Subdirección General de Inspección de Datos poniendo de manifiesto la necesidad de la presente circular. Durante la tramitación interna del expediente normativo emitieron informe, asimismo, la Subdirección Ge...",Protección de datos personales en servicios de comunicaciones interpersonales,"El Gabinete Jurídico de la AEPD informa sobre la aplicación del artículo 66.1.b) de la Ley 11/2022, de 28 de junio, General de Telecomunicaciones, en relación con el derecho de los usuarios finales a no recibir llamadas no deseadas con fines de comunicación comercial",Proyecto de Circular sobre aplicación del artículo 66.1.b) de la Ley 11/2022 | Derecho de los usuarios finales a no recibir llamadas no deseadas | Necesidad de consentimiento previo o base de legitimación,La Agencia Española de Protección de Datos fijará criterios para la aplicación de la normativa sobre protección de datos en relación con el derecho de los usuarios finales a no recibir llamadas no deseadas,"Ley 11/2022, de 28 de junio, General de Telecomunicaciones, Reglamento (UE) 2016/679, Ley Orgánica 3/2018, de 5 de diciembre, de Protección de Datos Personales y garantía de los derechos digitales","protección de datos personales, comunicaciones interpersonales, derecho a no recibir llamadas no deseadas, consentimiento previo, base de legitimación"
2023-0050,https://www.aepd.es/documento/2023-0050.pdf,Informe jurídico 2023-0050,"Gabinete Jurídico 0050/2023   La consulta plantea la adecuación a la normativa de protección de datos de carácter personal -el Reglamento (UE) 2016/679 del Parlamento Europeo y del Consejo de 27 de abril de 2016, relativo a la protección de las personas físicas en lo que respecta al tratamiento de datos personales y a la libre circulación de estos datos (RGPD en lo sucesivo), y la Ley Orgánica 3/2018, de 5 de diciembre, de Protección de Datos Personales y garantía de los derechos digitales (LOPDGDD en lo sucesivo)- del Acuerdo-Convenio que el Instituto Nacional de Tecnológicas Innovativas y Formación al Profesorado (INTEF en lo sucesivo) va a suscribir con la entidad Google Cloud EMEA Limited (Google en lo sucesivo) para que por parte de la Administración Educativa de las que es competente el Ministerio de Educación y Formación Profesional (las Ciudades Autónomas de Ceuta y Melilla) se implemente en las aulas el uso de la “Solución tecnológica Workspace for Education”. La consultante plantea varias dudas sobre la adecuación de dicha Acuerdo- Convenio al marco jurídico actual de protección de datos, concretándose en las siguientes: - Sobre el régimen jurídico aplicable al acuerdo. Existen varios documentos que resultarían de aplicación, como son el propio texto del Convenio, la Adenda de Protección de Datos y los Términos de Workspace. Se establecen unas reglas de prelación en caso de conflicto que pueden dificultar la interpretación de la relación jurídica, a lo que se añade la posibilidad de modificar términos contractuales de manera unilateral, es decir, sin la intervención de INTEF, lo que resultaría contrario al artículo 1256 del Código Civil. Asimismo, se asume la aplicación de regulación no europea, si así se desprende de la aplicación de la Adenda de Protección de Datos. - Sobre el objeto del acuerdo-convenio. Al consistir en el despliegue de un paquete de herramientas diseñado para permitir que los educadores y los alumnos innoven y aprendan juntos, las categorías de interesados serían muy amplias, como también lo serían las categorías de datos personales ya que c. Jorge Juan 6                                                                                                                                                               www.aepd.es 28001 Madrid 1                                                            Gabinete  Jurídico abarcarían datos identificativos (nombre, apellidos, correo electrónico, DNI, usuario y contraseña); centro educativo; datos académicos. Se incluirían, por tanto, datos de menores y datos necesarios para adaptaciones en el aula acordes con distintas discapacidades; así como datos relativos a los menús escolares que podrían revelar de forma indirecta creencias religiosas.   Al ser un paquete de herramientas y proporcionar servicios adicionales no se pueden enumerar las finalidades concretas y las bases legitimadoras de las mismas, ni tampoco las categorías de datos personales que pudieran incluir, según lo i...",Protección de datos en la implementación de tecnologías educativas,El Instituto Nacional de Tecnológicas Innovativas y Formación al Profesorado consulta sobre la adecuación a la normativa de protección de datos del Acuerdo-Convenio con Google Cloud EMEA Limited para implementar la Solución tecnológica Workspace for Education en aulas,Consulta del Instituto Nacional de Tecnológicas Innovativas y Formación al Profesorado | Acuerdo-Convenio con Google Cloud EMEA Limited | Implementación de la Solución tecnológica Workspace for Education en aulas | Dudas sobre el régimen jurídico aplicable y el objeto del acuerdo-convenio,No especificado,"Reglamento (UE) 2016/679 del Parlamento Europeo y del Consejo de 27 de abril de 2016, Ley Orgánica 3/2018, de 5 de diciembre, de Protección de Datos Personales y garantía de los derechos digitales, Artículo 1256 del Código Civil","protección de datos, educación, tecnologías educativas, Acuerdo-Convenio, Google Cloud EMEA Limited, Workspace for Education"
2023-0049,https://www.aepd.es/documento/2023-0049.pdf,Informe jurídico 2023-0049,"Gabinete Jurídico N/REF: 0049/2023 La consulta plantea se formula con motivo del cumplimiento de 50 años desde el atentado terrorista perpetrada contra quien entonces era Presidente del Gobierno y se refiere a la aplicación de la normativa sobre protección de datos personales respecto de la solicitud de acceso al Sumario instruido al efecto por una productora con la finalidad de ilustrar una serie documental televisiva. A la consulta se acompaña el Informe emitido por el Secretario de Gobierno del Tribunal Superior de Justicia de Madrid, al encontrarse el Sumario depositado entre los fondos documentales existentes en el Archivo Judicial Territorial de la Comunidad de Madrid, dependiente de esa Secretaría de Gobierno. En dicha consulta se recogen las siguientes consideraciones respecto del acceso a determinados datos personales contenidos en las actuaciones judiciales que integran el mencionado proceso judicial: 1º) Respecto a los funcionarios intervinientes en el proceso judicial mencionado, tales como jueces, inspectores de policía, médicos, peritos, etc. En cuanto a los nombres y apellidos de funcionarios públicos que han intervenido en el proceso, en dicha calidad, tales como Jueces y Magistrados, Letrados de la Administración de Justicia, Policías, Médicos Forenses, etc., estimamos que en estos concretos casos no resultaría necesaria la anonimización pues se trata de funcionarios públicos que actúan en el ejercicio de las funciones que tienen atribuidas. No obstante, en el caso de funcionarios de Policía o Guardia Civil si los mismos aparecen en las actuaciones sin nombre y apellidos con su número de identificación profesional, no sería necesaria la anonimización de este dato. En cambio, si dichos funcionarios públicos aparecen en las actuaciones con nombre y apellidos, si sería necesaria su anonimización. Por otro lado, en el caso de Jueces y Letrados, muchas de las resoluciones que han venido dictando a lo largo del proceso (Autos, Sentencias, Decretos, etc.,) han sido publicadas íntegramente, por lo que no resultaría lógico anonimizar tales datos. En cuanto a otro tipo de intervinientes, que puedan haber intervenido en el mencionado proceso judicial, por ejemplo, como c. Jorge Juan 6                                                                                                                                                               www.aepd.es 28001 Madrid 1                                                            Gabinete Jurídico peritos, que no sean funcionarios públicos, sí que correspondería anonimizar sus datos personales. 2º) En relación a las personas fallecidas en el atentado, los datos personales de las personadas fallecidas quedan fuera del ámbito de aplicación de la Ley Orgánica 3/2018, de 5 de diciembre, de Protección de Datos Personales y garantía de los derechos digitales, conforme a su artículo 2, 2º b). No obstante, el artículo 3 de la mencionada norma jurídica contiene normativa sobre el acceso, rectificación o s...",Acceso a sumario judicial para serie documental,"Una productora solicita acceso a un sumario judicial para una serie documental, planteando dudas sobre la protección de datos personales de funcionarios y personas fallecidas en el atentado",Solicitud de acceso a sumario judicial | Productora de serie documental | Dudas sobre protección de datos personales,"No es necesaria la anonimización de datos personales de funcionarios públicos que actúan en el ejercicio de sus funciones, pero sí de otros intervinientes y de funcionarios que aparecen con nombre y apellidos","Ley Orgánica 3/2018, Art. 2, 2º b) de la Ley Orgánica 3/2018, Art. 3 de la Ley Orgánica 3/2018","protección de datos personales, sumario judicial, serie documental, funcionarios públicos, anonimización"
